"","y01","y1","y2","group"
"1",29.3698175474231,16.7096226959978,3.29411993318551,"DD"
"2",32.0717972952171,15.4045318907958,16.3435369226628,"DD"
"3",34.0939492781298,12.7379683105593,14.5763464674134,"DD"
"4",29.8837031768637,16.6003831574365,2.51795358994163,"DD"
"5",38.1387777234152,3.87315870392557,6.28302415798167,"DD"
"6",30.0333101750125,7.03619638572382,7.58614185267799,"DD"
"7",26.9116482206202,-1.76258288045381,4.84760846809949,"DD"
"8",34.5426105207819,11.7195045350317,-1.97357911353777,"DD"
"9",34.7221791143766,3.7878614953818,10.7216973458677,"DD"
"10",30.4033994615288,16.260754204198,11.5214234059339,"DD"
"11",35.474686002702,15.6607251467026,15.6478369059264,"DD"
"12",20.6344675471311,19.9260496386375,2.13189794219981,"DD"
"13",31.8399188617444,19.6176420856525,-3.0400500921744,"DD"
"14",33.2423453480715,16.7642115318462,13.7324338121407,"DD"
"15",19.4033631551626,8.2660604566235,-1.72749594953472,"DD"
"16",33.0146413670315,17.3346314618872,3.59884020126897,"DD"
"17",29.5495468709222,2.55185628581041,-1.26686931792349,"DD"
"18",29.6276441909177,16.9228998508958,-1.66123496854961,"DD"
"19",34.7452885808239,6.29291749887174,8.8598500809181,"DD"
"20",36.6490456024761,22.0557401302972,6.42034666229543,"DD"
"21",29.7009894608026,3.07944237435898,2.33011869921629,"DD"
"22",31.5622875457622,16.1121222588547,10.8834195804428,"DD"
"23",27.5610083695899,13.6456339107578,7.06695953970326,"DD"
"24",30.6258831753881,23.5539265202879,19.9936504481451,"DD"
"25",36.765790834924,13.3567084990694,-4.00418600042266,"DD"
"26",25.8127770863197,14.4706206817485,-1.54460730682609,"DD"
"27",31.6916952379249,12.8317373948705,20.7651839370126,"DD"
"28",36.5583763476891,10.3064885430529,4.53598487750221,"DD"
"29",22.3553635818253,15.1584800424174,6.97918265274698,"DD"
"30",37.7402289277638,19.0769019807684,20.024703489898,"DD"
"31",37.6273491586111,13.7791755262714,6.25611830443319,"DD"
"32",27.3991728884584,14.5500934148241,2.04530597884746,"DD"
"33",28.7754772463566,22.285624201367,11.8572237267373,"DD"
"34",26.9280176207934,14.3869774495157,3.34605541963613,"DD"
"35",41.6674317862465,22.7515317836835,15.2695819871002,"DD"
"36",29.8474565337031,13.5399661023164,-7.39835637547906,"DD"
"37",28.6668420691866,24.5059198974542,4.65572325298583,"DD"
"38",30.7662849218642,11.9639239012532,18.8351523668616,"DD"
"39",34.8432683678504,8.25372696176236,3.52902659398931,"DD"
"40",26.8485970219974,8.39175534367479,13.7034052154425,"DD"
"41",27.6919736703981,7.24705505561011,-7.09847507757336,"DD"
"42",28.3320728757647,15.7443348162326,2.40687680964488,"DD"
"43",27.2302958887883,10.4772405470136,18.6780863633367,"DD"
"44",24.7783508192882,6.7645070682456,8.1852712351892,"DD"
"45",30.2805641573558,1.78530262646199,13.3349626089936,"DD"
"46",21.904341544317,24.2397243858987,20.7993159993772,"DD"
"47",38.4535938881279,11.4826609438933,2.34902719041338,"DD"
"48",29.3095294626305,3.01968957547996,8.23225950858275,"DD"
"49",34.3506308524715,11.5541730647926,11.3959459989226,"DD"
"50",28.6496428633298,11.0944839160828,4.26982117189791,"DD"
"51",27.9058517130234,14.4186846475764,2.35557312871013,"DD"
"52",34.6613842626714,10.798612745878,-11.4688448608335,"DD"
"53",33.314869137046,28.2693317561276,7.65244389533598,"DD"
"54",32.242626745385,13.5294456384537,10.7853925974535,"DD"
"55",23.4795740117654,0.984585530192884,-0.634194823742771,"DD"
"56",34.8809851983227,8.19593945680647,-0.965203602366644,"DD"
"57",30.9928593588736,0.197100453440987,9.81268279943857,"DD"
"58",28.835264726842,17.7571185010608,14.6662244210793,"DD"
"59",32.9076760486526,21.8408445647931,8.77346118942537,"DD"
"60",30.8089525364896,21.7257540409485,1.9848486062192,"DD"
"61",35.5771261758242,7.18839127054921,8.67773923694606,"DD"
"62",33.7650630930654,17.1806448454274,2.51731532541774,"DD"
"63",30.0657536354779,11.4707307535122,6.17285280070085,"DD"
"64",39.5985462026016,15.7009419051326,12.7415360214508,"DD"
"65",38.2620000599347,16.6409709749023,3.02611898743482,"DD"
"66",30.9271963345446,8.03377630564947,21.0447695986237,"DD"
"67",28.3179878652451,12.5318123597526,6.32416850256201,"DD"
"68",24.0836246805198,15.0714261664182,1.67097591697023,"DD"
"69",37.0496242434269,20.1671780268795,8.56541165743014,"DD"
"70",32.4856128472863,14.672147090463,7.09805904081247,"DD"
"71",38.6828550579511,-0.932028992945211,11.7079673068693,"DD"
"72",31.2155617973582,22.139929151395,13.6031237883212,"DD"
"73",32.7277253767876,12.7754083883237,11.199870851313,"DD"
"74",37.3812618461525,22.7928596347702,11.4158005447305,"DD"
"75",30.3972795328114,18.5446141556024,4.70783153127547,"DD"
"76",28.9670326630416,21.3006199990422,8.92230677031165,"DD"
"77",33.9495107559612,9.89915169123207,13.2763690884038,"DD"
"78",35.0098487052248,8.79780919536502,16.1438193373163,"DD"
"79",33.9292262908285,10.2482168415501,10.6433602363658,"DD"
"80",28.3269720768849,20.0753785825928,6.71935316348118,"DD"
"81",34.0350611808328,9.69769199424984,-6.63369753137605,"DD"
"82",32.2540638162224,12.8828798867134,3.41885962494827,"DD"
"83",23.7207131049567,12.2361732032401,10.6502545035507,"DD"
"84",26.9554930230746,10.8589931373421,4.68716890872747,"DD"
"85",35.0979960358296,11.2588772950283,0.00452600870155973,"DD"
"86",25.8433945610305,11.845084761191,12.8316589303394,"DD"
"87",25.8200767230626,11.3398813782187,5.08345107443458,"DD"
"88",24.1315716529231,22.9828882168187,3.89132986058817,"DD"
"89",41.9366762026592,20.1533059733629,11.2930318258706,"DD"
"90",30.889749575084,15.1955957895114,0.337553632643227,"DD"
"91",34.8273654899284,13.4724190265159,2.10568810147242,"DD"
"92",33.0000086828245,5.36531420623205,8.71144656878826,"DD"
"93",32.0864504817398,5.93531325229368,6.8207879298041,"DD"
"94",23.1600551910967,3.8170141763737,-8.88761475172681,"DD"
"95",32.7085772626355,19.6322431185968,16.2715410873573,"DD"
"96",23.6436953532851,10.1057848635525,12.5153358287828,"DD"
"97",24.5704314099891,10.0137720443635,4.23932744400251,"DD"
"98",38.0622695971878,12.3012561025686,11.3655116566199,"DD"
"99",33.624703725891,17.7418906027289,6.30251466890411,"DD"
"100",34.7266437994941,11.4437940185011,6.55386017566475,"DD"
"101",25.1707152781651,10.6037234884265,15.1010290300922,"DD"
"102",32.0375419351955,12.9313586696371,1.23616565259365,"DD"
"103",33.8711129005261,4.71710393305909,14.8221223489311,"DD"
"104",28.8300316028416,14.4520508142119,4.21745772706965,"DD"
"105",22.4806170801247,15.545313992097,17.8421355075237,"DD"
"106",18.6687356511696,10.327099449685,20.6743104226878,"DD"
"107",29.2690235423568,19.6884783577953,10.9485518673232,"DD"
"108",28.4500297151873,5.42230907733288,7.15150442237829,"DD"
"109",25.955859132279,7.8130990144946,7.38441527423481,"DD"
"110",31.0896213748132,1.93413989892879,10.2018875872848,"DD"
"111",29.8778858753225,9.88646642107966,16.6294524051452,"DD"
"112",28.6576106348728,3.42937776153319,18.2292001769819,"DD"
"113",33.6947497606904,20.4278919575195,11.2326437155553,"DD"
"114",25.7068633434866,12.0592253920273,-1.88052420908642,"DD"
"115",26.5306800172982,16.2386451113323,14.2968826528285,"DD"
"116",29.775055410256,18.9095864009991,3.53944914640225,"DD"
"117",28.4997815581794,25.4999173921538,6.38010865421407,"DD"
"118",32.3065394331236,5.52681522297169,14.7002925249846,"DD"
"119",32.0250012208584,-0.865764345346413,15.2289081749701,"DD"
"120",36.976720652173,19.3072437398263,-0.596779329486527,"DD"
"121",28.8378501384856,9.70680121841977,16.6279608412421,"DD"
"122",25.6268420311224,10.0039383045422,12.0974199318561,"DD"
"123",40.9860328696552,26.9685250988516,1.83462162844686,"DD"
"124",15.1139512982642,3.31012592204404,5.36451932721422,"DD"
"125",30.0911692418933,15.339964888505,15.6196587397944,"DD"
"126",34.4440808006317,16.8525874340932,-2.74123160114855,"DD"
"127",27.6048841731024,16.0017766386138,9.25537008120615,"DD"
"128",27.7665963160322,11.8482978342455,10.9399833154684,"DD"
"129",43.9337152031322,18.6770421201985,17.3963526223525,"DD"
"130",27.249260670546,18.0935817094286,2.63109527967044,"DD"
"131",32.5315113416419,22.4867417905196,7.05442686229835,"DD"
"132",32.3290308684258,21.2149386296108,1.91903453749929,"DD"
"133",27.6316660608296,-0.647943106100795,1.1968399433369,"DD"
"134",29.0822899376098,10.589008949302,-7.12714756224089,"DD"
"135",21.7408404508248,14.8559476205682,7.8203643201559,"DD"
"136",26.8747043976223,2.96231177937577,6.58084294555533,"DD"
"137",38.9049624563276,8.90533942507443,4.74427719488322,"DD"
"138",29.6985436028217,8.41820468924424,15.6927329504469,"DD"
"139",39.91001308306,13.8913867775654,13.3923010063069,"DD"
"140",26.3070242405415,-0.331495435659239,-0.216193430881415,"DD"
"141",26.2454896030551,6.60655447854615,10.4472507546818,"DD"
"142",39.0626794237637,9.66988889861954,8.31505619653414,"DD"
"143",30.4468365125096,21.6630157202571,3.76026235199531,"DD"
"144",25.1727869410598,4.91859350124944,11.387644190752,"DD"
"145",32.801137558468,15.1267172467372,13.4904763305117,"DD"
"146",26.0368781912839,22.747294967951,3.06014400076107,"DD"
"147",31.4832515896739,14.6541645152461,11.6538846743198,"DD"
"148",29.5184855262783,10.4309328776316,8.35119915769261,"DD"
"149",29.8656849346682,18.9424494231312,19.368604352484,"DD"
"150",28.7708214096287,4.49265434578945,8.4992942465004,"DD"
"151",27.1925448774226,9.81290861886479,-4.91585817343013,"DD"
"152",32.3146982914143,2.02161689101832,6.20171803371852,"DD"
"153",32.6296402217466,0.0783079080016815,3.61992571389287,"DD"
"154",31.6192279341552,5.32695896953797,4.44017133877744,"DD"
"155",31.0257687890226,17.7778006861494,-1.74861887168984,"DD"
"156",25.2818999625572,10.1942465854246,-2.7706174539966,"DD"
"157",20.8626012661828,15.1895485372448,12.1058304464339,"DD"
"158",22.9355852741643,19.9178442487871,22.0022458054741,"DD"
"159",30.1631846252038,11.1137201086419,13.0807749277476,"DD"
"160",28.715771528829,6.00238375949982,3.64141762340347,"DD"
"161",35.7382752122732,20.8299849504484,21.3117646010712,"DD"
"162",36.2385118520243,11.1916487714019,11.8723935198759,"DD"
"163",25.6490770622607,11.3363580030202,-0.00370987689468105,"DD"
"164",37.215116241672,13.4106583780492,3.07470872517469,"DD"
"165",26.0189918015867,6.41445746566538,0.0187971535823168,"DD"
"166",25.3910311080479,11.3639504119054,0.920579459929648,"DD"
"167",32.2933949556794,1.1163196037107,-1.89506976649664,"DD"
"168",27.6846420810788,10.5604530702082,3.22101424224673,"DD"
"169",30.8691295900542,14.8806554163049,11.6999531552737,"DD"
"170",28.2896569798553,15.0623830130831,6.03817413684526,"DD"
"171",36.6284888229708,15.303621645771,8.66151838371646,"DD"
"172",31.9259802035064,13.9734576138634,12.7270280575996,"DD"
"173",26.2401644199246,8.95180037320649,2.33914999210174,"DD"
"174",30.3696045808875,8.55906082026496,9.70325598152133,"DD"
"175",30.8533547778053,21.6274531332951,19.6070894129317,"DD"
"176",29.4281362340303,19.6659705372148,13.3989475201931,"DD"
"177",42.1272881739566,4.21898126437169,16.1355465785455,"DD"
"178",28.3584669652327,22.3039641711512,2.09619974514229,"DD"
"179",30.0611028768919,6.89666512059282,8.85393387542149,"DD"
"180",37.0916507828043,7.11560937649575,11.9675448585214,"DD"
"181",34.6020175172886,1.22015577776723,8.78743051617865,"DD"
"182",25.3000769043952,21.8819936704289,20.2747884029359,"DD"
"183",32.4702808304247,6.8070190382043,11.87862285446,"DD"
"184",26.8208767331132,5.40142794101887,7.74311259774819,"DD"
"185",34.1516296446547,13.3257627359601,8.36193031044694,"DD"
"186",29.5422896438554,24.7649740832825,-1.45356543144355,"DD"
"187",32.1742701846189,9.70872782794615,-6.9822971342099,"DD"
"188",33.8196813100981,25.9452190070374,9.75051193917517,"DD"
"189",35.5644636102007,12.7085980930596,7.17813199955314,"DD"
"190",25.7223162845116,20.9811305697692,15.7223548044084,"DD"
"191",27.5724362003453,24.8269827904128,10.4679169947404,"DD"
"192",30.5188063061523,16.7560712509644,3.20259613309729,"DD"
"193",32.3820042564087,15.4254608870945,2.51125589584876,"DD"
"194",33.2267140508883,9.57439218514219,-2.19082707899994,"DD"
"195",29.8760632397451,15.0328568294483,9.0982719930619,"DD"
"196",28.0857930137624,11.0870210293228,14.2050655148132,"DD"
"197",34.5127493166254,6.13547444815016,6.86688504091276,"DD"
"198",34.4621210746091,1.92972634547002,8.39153658759411,"DD"
"199",27.1265525740162,13.3523782759999,0.178444361038801,"DD"
"200",31.88782444574,24.9770820246967,17.2224616154883,"DD"
"201",29.053436632959,13.7875939898774,10.0446164304979,"rPD"
"202",26.7750620083422,14.5256974019952,5.84414626134815,"rPD"
"203",31.8391997885019,18.4526023054955,11.8591117960197,"rPD"
"204",39.0953144347627,16.3156112750371,12.0469567383065,"rPD"
"205",31.8242550932125,14.6147857103138,8.47424576852365,"rPD"
"206",36.3406168304224,14.6159133109583,9.49734762032325,"rPD"
"207",38.1756437131369,14.3420705760939,11.7726519625399,"rPD"
"208",32.5645970172943,19.0904099710268,9.82840714694774,"rPD"
"209",31.2553003109694,15.0388466937689,8.36737884136365,"rPD"
"210",26.3212010642558,14.0717946248934,9.10496607337477,"rPD"
"211",29.9347168372983,15.6619052616331,10.8802506929476,"rPD"
"212",27.8897082428409,16.7780694721314,13.3064555483936,"rPD"
"213",24.553780699633,16.0156703451055,10.5418610139248,"rPD"
"214",30.9064676042075,15.5687941997664,13.1374634939529,"rPD"
"215",22.092992552047,15.1827932149694,11.8617941790974,"rPD"
"216",29.1124370221096,15.4657321780045,9.15514046713051,"rPD"
"217",27.9763876162501,16.0070107094684,9.68538122460711,"rPD"
"218",25.7284115776822,12.7385499390523,11.4175791129811,"rPD"
"219",32.7594658800012,12.6261865984338,10.4831435383261,"rPD"
"220",24.0009977089513,16.0718623930814,11.7494484951005,"rPD"
"221",26.7334596284382,17.6745138077046,11.15284520332,"rPD"
"222",32.7799914098627,18.6054603231921,10.5840510132193,"rPD"
"223",29.4455293833364,17.2822553824099,12.84741832857,"rPD"
"224",32.3601767409374,16.1371841034752,10.827067057298,"rPD"
"225",38.9416593182444,19.0973001256678,9.59775519783886,"rPD"
"226",31.5841449286187,16.2335620060619,11.0076586458896,"rPD"
"227",29.4225075556861,16.8985823171162,12.1393961391104,"rPD"
"228",26.2593466432611,17.3425226721304,11.6622999676505,"rPD"
"229",32.529577331434,15.5605394489463,11.35136554565,"rPD"
"230",23.3513664148971,16.73941017241,12.6022604712455,"rPD"
"231",30.6428778606085,16.3188245786446,11.8979445704337,"rPD"
"232",28.3518211091921,14.150628070914,8.48792391679538,"rPD"
"233",28.0539745880921,16.2421702412252,11.3035752801445,"rPD"
"234",34.778407392909,16.2064054147616,11.5429286597829,"rPD"
"235",29.8121781134674,14.4742381532939,11.4351465527945,"rPD"
"236",33.1471357245271,19.2001712159185,14.4369459835038,"rPD"
"237",27.3234984241087,16.357245429598,9.38109943923467,"rPD"
"238",37.1327484590931,17.5079218620693,12.7345563261544,"rPD"
"239",26.8423861647076,16.3044043451122,10.873039921251,"rPD"
"240",35.5826431507632,15.4477192391095,11.7415775349515,"rPD"
"241",28.8057031245021,13.6056319863132,8.77924814001328,"rPP"
"242",28.5029734070113,17.5411040278143,8.59407782136702,"rPP"
"243",29.0970695847507,13.5844027343988,3.82955573963673,"rPP"
"244",29.7409649699302,19.2653135535968,9.67655365019409,"rPP"
"245",24.7645638441284,16.5852005519234,13.4642775543503,"rPP"
"246",23.7927412044424,19.5827144186682,6.87101761262715,"rPP"
"247",30.2237060303483,14.9799168141843,11.4683542987521,"rPP"
"248",28.4453490194525,16.151249082111,9.99458893560792,"rPP"
"249",31.8108353719597,16.7584560256078,8.60679579671939,"rPP"
"250",28.0280521716408,14.1113163995586,7.01596876633562,"rPP"
"251",28.6961294032841,16.1499256940871,12.7420267347006,"rPP"
"252",30.8443879412099,15.4382618551934,6.9928786881057,"rPP"
"253",37.0679560077566,15.7492249921047,8.85924878023173,"rPP"
"254",25.0900525760251,13.3539482000059,11.940243577951,"rPP"
"255",27.5422746631355,17.8435986510095,11.1626382139079,"rPP"
"256",33.5352890022184,15.8604125029592,11.5275236748558,"rPP"
"257",23.6014043252742,12.975473404022,9.92667344615289,"rPP"
"258",33.2652048068797,15.5307584098208,7.07326382868987,"rPP"
"259",26.1675518467424,14.7809680897348,11.6251844657656,"rPP"
"260",36.226236307148,14.6356461127127,9.27581746890455,"rPP"
"261",34.3056101692257,9.91089182028034,6.49116196008499,"rPP"
"262",23.1466092829746,19.407515024696,6.79769017923945,"rPP"
"263",33.6857485866337,16.2041816977997,9.1890413111225,"rPP"
"264",23.3941780420843,14.4590901706553,8.36427287238647,"rPP"
"265",30.6649517054501,15.6128876364872,9.19119211465679,"rPP"
"266",29.5855809389797,15.4604410912078,6.92930801962875,"rPP"
"267",33.5222004755024,16.9589616155469,6.88608498198303,"rPP"
"268",32.5074955131383,16.6701465278686,10.4557482481704,"rPP"
"269",29.795323191402,17.7617665632458,11.1404509447836,"rPP"
"270",30.7308153668165,20.2737567519582,11.8773364514067,"rPP"
"271",28.4535499902658,14.7685874653966,12.3686515154848,"rPP"
"272",27.1411930605214,16.1551534304746,9.39150081440986,"rPP"
"273",29.7408197790185,18.1767689180595,10.8545434129406,"rPP"
"274",30.6595470814947,18.0380061278868,10.2964442148034,"rPP"
"275",32.3161656553664,15.9256966815301,10.0500401074495,"rPP"
"276",33.1242666521414,14.6236720129946,10.2528190605447,"rPP"
"277",27.9077613672287,16.8485742957573,11.0125604321964,"rPP"
"278",27.028190828836,14.7099547078937,10.8812686714448,"rPP"
"279",30.215765908159,12.3655982462136,5.47020777303032,"rPP"
"280",42.6850115266828,15.5482371905536,11.0682716339202,"rPP"
"281",33.122932987431,13.6596699091397,8.57104471231383,"rPP"
"282",26.3931707921948,14.3048933497838,9.61535325957937,"rPP"
"283",33.0580246110833,12.5965270625196,10.5409172458302,"rPP"
"284",30.8312116846819,14.7163864168196,10.0242400649607,"rPP"
"285",29.8240350158275,14.2955787775397,10.1868367240238,"rPP"
"286",27.9463375679547,11.7314257246931,10.5471285123614,"rPP"
"287",22.4136806740483,16.2287294348817,8.61166759101313,"rPP"
"288",34.7024862872997,14.0943578481593,10.6749637492446,"rPP"
"289",37.5064882034005,17.2049114268204,8.6641573435507,"rPP"
"290",30.4774203596688,17.3823994757589,14.1962759295299,"rPP"
"291",32.4342278021977,16.6445719848279,12.5078996899645,"rPP"
"292",25.6994168374632,12.4282942728981,8.55086157387933,"rPP"
"293",28.0690722093215,15.2351223884607,4.7696196661319,"rPP"
"294",24.8926780201017,19.9555380334812,9.11136739907229,"rPP"
"295",30.7174114661948,18.8315916610676,12.1365303292204,"rPP"
"296",33.8548200680454,16.9292962642416,10.1717129827913,"rPP"
"297",34.2363643294364,13.3830055830971,11.4653856743009,"rPP"
"298",28.1536466049072,18.834537792565,11.0777941624544,"rPP"
"299",35.1152745884763,17.0526833656387,12.8913150235447,"rPP"
"300",29.733009709686,16.8667441102463,7.65106705008816,"rPP"
"301",31.2869507560344,15.836906086707,8.69435086924227,"rPP"
"302",38.2827322959683,19.5127596210879,8.34332436851939,"rPP"
"303",29.4466267030166,17.9458064951614,9.46737868665238,"rPP"
"304",30.0033216093991,17.2051791628078,11.8139632811406,"rPP"
"305",28.6878957365954,19.2071832540744,11.1953223509836,"rPP"
"306",28.663216280977,15.5365656032578,11.2881140765663,"rPP"
"307",36.0920927272783,12.6091089303139,7.23932882523311,"rPP"
"308",22.6944204597719,15.301051362005,7.75579356731685,"rPP"
"309",36.7217546593862,19.0725058887869,13.383770441635,"rPP"
"310",21.9137309727074,15.7816726718005,6.13603181481036,"rPP"
"311",33.7879454872153,18.6730928016256,10.4380825611055,"rPP"
"312",30.1769023177238,16.7151679905819,8.05937227140481,"rPP"
"313",30.3109953513335,19.7247552332381,8.06100503655148,"rPP"
"314",37.3061375601258,13.4378025837179,9.28529600608005,"rPP"
"315",29.4219906935085,17.2894668895434,8.63898350074049,"rPP"
"316",37.2359565860722,15.6232996006802,6.67761784656791,"rPP"
"317",24.6702925179035,20.0137276509927,10.0351736446355,"rPP"
"318",34.6881372671737,20.4627736227906,9.51433191711426,"rPP"
"319",32.2119430596529,17.7568239571127,6.45802427973466,"rPP"
"320",26.459100198358,18.8433653786966,9.07572672502413,"rPP"
"321",36.6536797558474,7.34104147281194,8.57311718398672,"nPD"
"322",32.2037787468433,14.0415711779173,11.562428231442,"nPD"
"323",35.4724903881405,11.5083434857432,7.56608257845083,"nPD"
"324",34.4188531161148,7.20939184479671,3.60849707857609,"nPD"
"325",38.6749556375069,8.8736430783054,5.46437198720297,"nPD"
"326",36.1683932837423,10.7192072694176,10.3755127597984,"nPD"
"327",28.2930050527568,11.0193833493531,7.52216496903158,"nPD"
"328",30.9295614828022,7.67626118619414,5.83594545506448,"nPD"
"329",23.5636307478124,15.7276590389093,4.51838151301548,"nPD"
"330",25.2253677350284,9.5984472869913,5.61499127850625,"nPD"
"331",36.1146842968231,10.6463439578991,9.06295279920649,"nPD"
"332",30.615026457403,10.1728202106233,6.84584817176371,"nPD"
"333",37.5868969245503,7.76646508006759,7.44211187873342,"nPD"
"334",26.8284357236052,10.534484454273,3.08753840180821,"nPD"
"335",30.527577100853,11.7000169913629,7.32729007759452,"nPD"
"336",29.72435531478,11.203046173544,9.80302513757037,"nPD"
"337",26.4607367018577,6.72608111186995,6.74312059585545,"nPD"
"338",36.2369605031453,9.37861716084826,9.37962510873206,"nPD"
"339",26.0859695162272,7.8904939355847,2.45515462315179,"nPD"
"340",38.8967636041907,8.08128575451279,5.42084421997498,"nPD"
"341",27.9779377087918,11.0293529837163,6.43792650437503,"nPD"
"342",29.6530439156144,10.9866118798213,6.1659840282941,"nPD"
"343",34.5662357095286,9.28156374945656,9.04095289813941,"nPD"
"344",25.3472377799335,8.02110527500901,9.13332009209901,"nPD"
"345",40.436533285527,8.33786397250977,10.4293937791634,"nPD"
"346",42.2984792362138,7.17634092285806,5.79314707781096,"nPD"
"347",29.78060818696,12.5266862327563,7.54877481477368,"nPD"
"348",28.6342897509289,11.7564122652235,4.7663457789612,"nPD"
"349",30.7432911159161,10.322077115307,10.0191479791301,"nPD"
"350",30.5510141506885,9.01340885892765,7.18560648996559,"nPD"
"351",33.6454015682742,12.2421581283032,9.14518087652171,"nPD"
"352",28.6710654899783,6.09190809941727,6.9574392259616,"nPD"
"353",32.1128980228728,6.92150171447354,6.62219148280087,"nPD"
"354",28.660143008148,11.9014635111089,8.56323017039391,"nPD"
"355",35.0656177694844,12.7329920781051,9.72960536158804,"nPD"
"356",21.0586992970831,10.0258037740587,5.5877709919488,"nPD"
"357",32.63530132996,13.4074893197416,6.63420422759431,"nPD"
"358",31.9772733989996,11.1818688881829,7.94801054569998,"nPD"
"359",29.0922939511638,10.1177293690778,5.93070526470219,"nPD"
"360",25.6210273736145,6.82611840836185,8.68670975250383,"nPD"
"361",31.5532685144863,8.38363918797554,6.15368914380066,"nPP"
"362",31.6275672655779,12.9682769996358,7.3207980915716,"nPP"
"363",42.8101141097342,11.3154628585777,9.74092545773705,"nPP"
"364",28.8481586563466,7.11791626398242,2.08156309994478,"nPP"
"365",38.107728342246,13.4146385198494,6.87823503437422,"nPP"
"366",27.3649949092805,10.3550969444974,6.90859310787438,"nPP"
"367",28.2781291004747,7.42016273734072,4.02025569041909,"nPP"
"368",33.8504895956236,8.24349304985023,4.19976115438039,"nPP"
"369",25.6800361400401,8.21930964454719,7.68613997841125,"nPP"
"370",29.9538492511942,8.93473061301591,5.35240746034227,"nPP"
"371",33.4021519132946,7.79980196533818,6.79340562596176,"nPP"
"372",31.9145445711173,9.57469229074674,6.11616906358539,"nPP"
"373",33.9444952731753,7.68066424491038,6.65039150075585,"nPP"
"374",31.2715550510149,10.0262139043823,4.24770056268643,"nPP"
"375",31.1784923540738,11.620665154029,3.11250052182887,"nPP"
"376",27.1068737590421,6.94411740989646,3.17372442055973,"nPP"
"377",27.7116526280498,9.32243060843747,4.49792471099561,"nPP"
"378",32.5793323315927,8.80430132481882,6.19947699739538,"nPP"
"379",27.5845862583143,6.82661364653236,9.30954332652019,"nPP"
"380",35.8543773583989,8.64302339876713,2.12157362605331,"nPP"
"381",33.1513984963481,11.870575986767,7.89413600328808,"nPP"
"382",30.8711144783053,9.48757283269988,4.36017713180479,"nPP"
"383",22.8854881106608,8.65397139953576,6.14952279349987,"nPP"
"384",29.4366506881048,8.20774949978764,5.66410696527274,"nPP"
"385",38.8043928730575,10.7265184537178,6.97182578748563,"nPP"
"386",27.3195595728617,8.27297941722816,3.61876603683154,"nPP"
"387",21.3760340639878,6.47937706046791,6.68455504875103,"nPP"
"388",29.6868037595485,9.59779805527417,8.67094991890472,"nPP"
"389",35.7773792020575,6.57888741041544,8.46473549649286,"nPP"
"390",28.7320249218735,7.56642938641272,11.6043937999269,"nPP"
"391",20.0987056796681,9.57194266730561,6.75314018212487,"nPP"
"392",25.864681045859,10.0571866905806,2.3103444404012,"nPP"
"393",32.859863893656,12.4338696582469,5.54671482283137,"nPP"
"394",29.7763931534445,8.82792713829203,6.89988492092865,"nPP"
"395",34.4842952336045,9.02082682565003,1.6291876993908,"nPP"
"396",38.0316313688007,12.1080969399683,6.58867051374181,"nPP"
"397",28.1798023316854,4.91843386672675,2.57927898751691,"nPP"
"398",35.7849903444303,6.37364174170031,6.13614719432393,"nPP"
"399",34.9038574860661,11.0840131479899,9.75107285163944,"nPP"
"400",28.0802473394235,9.26018273827685,6.70985147879464,"nPP"
"401",36.8657439439265,8.91391482179975,5.96156486097996,"nPP"
"402",27.8043633742893,9.92737937959289,6.71029613712745,"nPP"
"403",30.183035651435,10.4927518075055,4.71816082428341,"nPP"
"404",20.7666277589629,6.20901562890069,8.69690742169857,"nPP"
"405",37.5472008942624,6.57323417561994,7.43092886607329,"nPP"
"406",34.3979757373562,9.14371184771587,4.28903993993435,"nPP"
"407",25.6083803774784,10.5475146855292,1.1348717177578,"nPP"
"408",34.9198878911632,8.25591112346232,7.88393959592291,"nPP"
"409",38.9541660318865,8.56858809435993,7.4615844319831,"nPP"
"410",31.7718347274548,7.09499142316308,4.84563428160272,"nPP"
"411",25.7217209487225,9.40357288208881,8.11480994615739,"nPP"
"412",30.7322992688688,9.56650914334353,6.52572896389978,"nPP"
"413",36.4768605446432,7.07385500494911,4.77965877867994,"nPP"
"414",19.8440278217318,10.8181325119097,3.40017383640256,"nPP"
"415",27.8103065612788,12.7266660128934,3.11775039783887,"nPP"
"416",26.8882912845157,8.82863522281294,4.52033220353918,"nPP"
"417",29.6684728448757,9.9893928868936,7.1846746868575,"nPP"
"418",34.6094965510664,4.69997747151003,5.32523033431036,"nPP"
"419",29.2034357169019,7.59129182754442,4.71825950287134,"nPP"
"420",34.7640156654374,11.5944046603208,6.28198995928607,"nPP"
"421",25.7139271091982,8.97280427939555,5.75464797487433,"nPP"
"422",30.2355999918424,8.58166545142473,6.81170320817584,"nPP"
"423",42.3567869158969,8.54660490271954,11.5801401517087,"nPP"
"424",28.8589213372327,8.64274494715871,4.44320186987447,"nPP"
"425",34.6348272728094,5.24751963734808,5.56498565167453,"nPP"
"426",27.0944187084723,13.0646307535984,6.46883773634064,"nPP"
"427",26.6881074301889,8.77203020096569,5.69960295374806,"nPP"
"428",27.058492420491,8.49440110708661,6.88984847530257,"nPP"
"429",36.6019029363707,12.3604995128349,9.37698060312867,"nPP"
"430",32.3017249198157,12.8404552381301,1.20071633522937,"nPP"
"431",46.6438588460277,10.0965703381652,10.2208317902311,"nPP"
"432",35.7305426883448,11.2659623789326,8.32514246279341,"nPP"
"433",36.9909101150481,11.2320992735392,8.00072469979774,"nPP"
"434",20.8975997734817,11.4275737413315,2.13424606150717,"nPP"
"435",32.3784077992833,12.3747831349169,8.43220853295816,"nPP"
"436",28.2912264641154,10.9516192664884,5.99186911733572,"nPP"
"437",31.9577565206212,10.0564873864903,5.47750154906352,"nPP"
"438",37.390153355578,10.3878598829392,7.82298245257942,"nPP"
"439",31.5088384300818,8.17434226410654,7.40261936075986,"nPP"
"440",21.3895750462444,9.94932560878565,6.44889940809911,"nPP"
"441",40.0530692197935,11.6644522419169,6.2744712310016,"nPP"
"442",25.6105977554458,8.72571228858876,3.97734209851027,"nPP"
"443",42.5480811101456,5.2269981284036,6.50147389730506,"nPP"
"444",41.2385060180683,11.4186738819679,5.83518834110289,"nPP"
"445",27.932927196163,6.95981609563072,6.80562464167045,"nPP"
"446",29.2689221518078,9.11723185518544,11.2098183836844,"nPP"
"447",28.2567711476411,9.10084089478985,0.391489902452472,"nPP"
"448",30.6329182876929,10.8658692132274,4.01541380640083,"nPP"
"449",38.0114955290135,12.1329786545277,3.15627620559373,"nPP"
"450",25.2257263960296,11.4229928507815,5.63716196451909,"nPP"
"451",35.302347336051,8.96803376413265,2.92566858646752,"nPP"
"452",32.616764362575,6.68253979120297,6.44831641718562,"nPP"
"453",38.6127051228451,10.609315915311,6.91211655946375,"nPP"
"454",33.7862362031952,7.96774408519932,7.82690399243646,"nPP"
"455",41.5753276846944,7.51308234373748,6.60375410944507,"nPP"
"456",35.6222431695381,13.0235521592808,6.31962877989427,"nPP"
"457",37.1151672423635,5.7306870008355,8.07340802625047,"nPP"
"458",34.3117620199459,9.74438825268611,5.4313030120437,"nPP"
"459",34.4329492324751,12.2898590910502,4.13003330947987,"nPP"
"460",29.3372969453932,9.32819072154467,6.36849217945157,"nPP"
"461",35.3673396309476,7.7276767387794,8.99347202199324,"nPP"
"462",33.0274274383818,9.49637458127521,8.13603119902639,"nPP"
"463",36.0265024990561,9.73397304154276,8.65125960067748,"nPP"
"464",31.0101992464661,8.0702844696055,7.51775130239886,"nPP"
"465",31.9292274189951,7.12655528883718,7.73175828145539,"nPP"
"466",30.827961994349,11.7185615922871,2.66542788084483,"nPP"
"467",30.6610640921949,7.85542710045635,3.80919260543143,"nPP"
"468",40.9985966927887,12.3977203690995,2.44854085924095,"nPP"
"469",33.9199057351223,6.67498369669072,4.82026570616593,"nPP"
"470",34.5269178368394,9.52985672668066,6.18850670573793,"nPP"
"471",38.8977318295641,12.5765013152417,5.35584793126121,"nPP"
"472",32.3107656275189,11.474081225987,4.20877960684645,"nPP"
"473",27.0891040654513,6.57585058251443,7.42097452689178,"nPP"
"474",33.969452758479,8.81625168801411,6.29242552707008,"nPP"
"475",28.9738295387034,11.7248869641784,6.16381231980393,"nPP"
"476",31.5760016723984,9.5767874334278,8.23431887734533,"nPP"
"477",29.1902933563566,11.0896676757677,7.05713950378212,"nPP"
"478",37.759655523759,6.92595197048372,7.84058567159533,"nPP"
"479",29.1434366241992,8.50454865367942,6.59755703142796,"nPP"
"480",24.8672577262916,9.95733777994442,6.02254707318633,"nPP"
"481",24.6021561150397,9.30725028354576,4.21659177229342,"nPP"
"482",31.8038055684805,8.11704562225237,4.48694452922782,"nPP"
"483",31.080504475268,6.39154300956926,6.55019050472422,"nPP"
"484",28.1509848933676,11.4030786005553,2.13684690973036,"nPP"
"485",27.4521527222447,9.75309147076502,8.42912049966334,"nPP"
"486",29.3373686364997,10.8100112557818,7.33617951753612,"nPP"
"487",34.1899368091827,10.7587634733914,9.04899129953934,"nPP"
"488",41.9569265026702,11.6436158466678,8.4729583790152,"nPP"
"489",32.1008599744052,9.4667296168106,6.51619114440203,"nPP"
"490",40.8210437595369,10.2136668581236,7.36227391576095,"nPP"
"491",20.3082420120269,13.2137009436059,7.19020486895445,"nPP"
"492",35.6398618959093,9.00199046910599,7.79785963157902,"nPP"
"493",25.6933569776179,10.7430201071889,5.56170701519367,"nPP"
"494",38.0291116582892,11.2679087045551,6.47825423105933,"nPP"
"495",28.600316690189,6.80363582839494,4.9641507294674,"nPP"
"496",32.2103645239008,11.5125121491263,9.33856681272625,"nPP"
"497",25.5175228091052,9.58737347746241,2.59674067754658,"nPP"
"498",41.6360540530725,4.8568529011046,5.00618034000205,"nPP"
"499",27.3904497584395,8.98522292641483,4.98355596327742,"nPP"
"500",26.9177711829509,9.75121694309098,7.40676866083612,"nPP"
"501",31.2233594340171,10.8398197577017,4.71451123273115,"nPP"
"502",33.8376042971994,10.1731359370646,-0.523439999545002,"nPP"
"503",19.2464808385983,5.24451426263613,6.91911807444154,"nPP"
"504",32.1650166498476,12.1826146851122,4.60637414670359,"nPP"
"505",35.0175061602144,13.0116959131878,3.50735269043899,"nPP"
"506",25.3044044428638,6.35865797051032,3.07476037179025,"nPP"
"507",39.3994994028436,6.04749008238631,6.5157552733827,"nPP"
"508",20.6217102863284,10.0613504337473,3.15792581402986,"nPP"
"509",30.9518098649876,9.98745636845811,8.21529568873925,"nPP"
"510",25.7985258771049,9.33114518057779,4.43090238216518,"nPP"
"511",29.9200072238933,9.82321791833133,0.873574173369768,"nPP"
"512",31.4764504870874,12.9272202696125,6.60426682430932,"nPP"
"513",35.1985219699595,7.70957618325296,3.50751990610189,"nPP"
"514",20.7686466083649,5.17326981566201,6.37774010206009,"nPP"
"515",24.3603192675566,10.3380999841015,6.99409519356128,"nPP"
"516",25.1450810086423,7.83175520667803,2.93076275124946,"nPP"
"517",25.7541364073042,10.0727392554844,5.56705903423595,"nPP"
"518",38.9661832938093,11.4298723649567,8.97606054073814,"nPP"
"519",27.8139556061992,11.0182724775703,4.39365664307919,"nPP"
"520",24.8343470531551,10.206594877681,2.66392783849109,"nPP"
"521",28.8598324967266,10.8879182455463,5.34651878831352,"nPP"
"522",33.724229007421,6.64607021839754,7.76690619269352,"nPP"
"523",34.9534224961636,9.71465278157849,3.75613756046499,"nPP"
"524",30.1481528987948,9.36802930742896,5.06847640208338,"nPP"
"525",22.9757938177602,11.5272351741147,6.65255103825703,"nPP"
"526",33.7417925445123,7.70277775075834,6.54686180394885,"nPP"
"527",29.6244036760913,8.72723021657752,5.66437122103141,"nPP"
"528",22.2176442733351,7.03154834433676,7.10742401586378,"nPP"
"529",27.2715566176862,9.35986786329359,5.94638850841543,"nPP"
"530",34.1474809126078,8.19270784084601,6.11477474093519,"nPP"
"531",29.0764980259374,12.2874742437032,5.29929730053549,"nPP"
"532",31.1142298036821,6.23226478233563,5.71873947584923,"nPP"
"533",22.1033459078342,12.0526510879033,7.79526752776223,"nPP"
"534",36.7726161384209,8.11656812724562,3.66623908415951,"nPP"
"535",39.7431962395616,9.01849046419344,1.45391740989281,"nPP"
"536",28.1764487634742,9.80169657975129,5.54331353061983,"nPP"
"537",35.2088332439478,6.8267238854001,3.76239387521268,"nPP"
"538",31.5130430746523,12.9657485303223,6.89216232493066,"nPP"
"539",28.1286337052199,9.82414781647562,6.69197604316448,"nPP"
"540",28.5901435930831,11.3357416719588,7.62461060247243,"nPP"
"541",37.8729926500051,8.73794295066703,6.5389690064743,"nPP"
"542",23.9397872898635,14.620177094391,3.98691059052622,"nPP"
"543",35.5327488863076,9.35246015803667,5.21075582920704,"nPP"
"544",27.3792599409678,10.0744908661797,7.52894910324001,"nPP"
"545",28.2081382322846,5.86091731051109,5.15699087453928,"nPP"
"546",26.8416812746701,10.1381424180299,5.82263626562533,"nPP"
"547",25.2792737435707,7.10863019457399,5.57356609374669,"nPP"
"548",39.6336428612525,13.0160676122283,4.8489354612111,"nPP"
"549",25.1763198659124,8.7177383222218,3.94502391546296,"nPP"
"550",23.2458641021726,8.26441606310663,6.56437836681921,"nPP"
"551",21.5439041429669,9.87996603233337,5.49008791366534,"nPP"
"552",20.6869605734587,10.401452836113,3.67424658395361,"nPP"
"553",20.6179756951717,11.4194328702246,3.94355728169537,"nPP"
"554",41.8121567261966,8.92570973583132,4.76544261044125,"nPP"
"555",36.6980960833158,10.3574956898771,6.25756344068615,"nPP"
"556",31.3222392860348,10.4806616542332,3.76662110751864,"nPP"
"557",29.4084238647347,10.2440642827084,6.18843937585081,"nPP"
"558",29.1326059624268,9.56809289393188,3.72091332062207,"nPP"
"559",31.9008074459412,13.6457621566851,6.06935423603267,"nPP"
"560",30.5281928310768,10.1813752933969,6.95987640462692,"nPP"
"561",20.8347555256847,6.29650948350988,2.22013406119589,"nPP"
"562",34.3487079662405,12.1283823257444,8.60597397715395,"nPP"
"563",32.7468006164253,5.050799981023,5.46033658167444,"nPP"
"564",25.1980869805295,11.4363101758523,8.61218086946038,"nPP"
"565",31.6132678293604,7.24243157361794,4.12265420985035,"nPP"
"566",26.5012809390466,12.2402026654787,5.56050919631429,"nPP"
"567",34.916379305243,12.0904916534647,7.2953266408356,"nPP"
"568",28.8999477364794,8.3283270511395,5.76793107419377,"nPP"
"569",40.7281453904014,8.20322306785504,10.6334027568443,"nPP"
"570",30.9517605387848,7.42727326273847,5.04067888996032,"nPP"
"571",30.3350741556933,11.3558975716101,6.6793018333072,"nPP"
"572",29.6953167537133,9.40293004008963,6.08187748000713,"nPP"
"573",34.9462840040217,13.7754196449682,5.03589203222274,"nPP"
"574",33.1067623092524,10.9035949513547,4.8041457659059,"nPP"
"575",37.9569670591028,9.23675287484864,6.68182981266942,"nPP"
"576",35.4963364813937,12.3607230914044,9.27047359943793,"nPP"
"577",33.3055170343939,10.4183600323801,1.39112074395336,"nPP"
"578",39.3734938412863,12.1923062151637,8.44549157535076,"nPP"
"579",31.8607118961013,9.94988501870351,6.27169371875358,"nPP"
"580",26.9457110840518,12.0725563995985,8.08801228008195,"nPP"
"581",29.595094994379,8.88709087830072,5.30564422966532,"nPP"
"582",38.0224031360864,9.31317242088651,5.79826444278214,"nPP"
"583",26.7731515769115,8.74817932132076,7.79873304997035,"nPP"
"584",29.2905116282746,9.7833775718884,7.77279194419691,"nPP"
"585",24.9760678034382,7.8016776236664,7.86788395418528,"nPP"
"586",33.847878983295,11.5810280846253,11.0364351319986,"nPP"
"587",34.5575858785514,9.46589169958657,4.76333282443507,"nPP"
"588",30.5520697851485,11.5044281970816,7.0680017168866,"nPP"
"589",28.4407244305434,10.3759227333577,2.64913983210655,"nPP"
"590",29.7873412935667,9.38531649011249,7.65742939309607,"nPP"
"591",20.1848603741367,10.1603462749462,4.88055717115841,"nPP"
"592",22.0750806102148,8.7051451708152,6.16182594089589,"nPP"
"593",25.3156440540514,11.6383245073977,4.82253445957753,"nPP"
"594",30.9805990853828,8.23440846362897,4.01115812047042,"nPP"
"595",30.7830942261076,7.61327235810009,5.96012916452933,"nPP"
"596",34.0584073920298,9.54335425817233,9.29852704114049,"nPP"
"597",32.9300879258713,6.80424029913536,4.13033881741723,"nPP"
"598",20.0270293443841,10.9147313944045,5.34693184201601,"nPP"
"599",29.7760889312783,6.35142030273469,4.0689663915357,"nPP"
"600",36.4495926044126,10.3847461873927,4.14480084676451,"nPP"
